Id,class_0,class_1
00eed32682bb,0.4977973804331781,0.5022026195668218
010ebe33f668,0.4977973804331781,0.5022026195668218
02fa521e1838,0.4977973804331781,0.5022026195668218
040e15f562a2,0.4977973804331781,0.5022026195668218
046e85c7cc7f,0.4977973804331781,0.5022026195668218
